{"stats":{"minecraft:mined":{"minecraft:spruce_leaves":1,"minecraft:dark_oak_leaves":1},"minecraft:used":{"tombstone:grave_key":1},"minecraft:custom":{"minecraft:jump":33,"minecraft:time_since_rest":1609,"minecraft:leave_game":4,"minecraft:crouch_one_cm":47,"minecraft:play_time":7641,"minecraft:sprint_one_cm":1998,"minecraft:time_since_death":1884,"minecraft:walk_one_cm":12139,"minecraft:deaths":1,"minecraft:sneak_time":167,"minecraft:total_world_time":7641,"minecraft:fly_one_cm":24480,"minecraft:fall_one_cm":685}},"DataVersion":3120}