{
  "dungeons_arise:wda_root": {
    "criteria": {
      "WDA": "2024-05-12 00:12:28 +0000"
    },
    "done": true
  },
  "mowziesmobs:root": {
    "criteria": {
      "custom_test_name": "2024-05-12 00:12:28 +0000"
    },
    "done": true
  },
  "tombstone:adventure/root": {
    "criteria": {
      "auto": "2024-05-12 00:12:29 +0000"
    },
    "done": true
  },
  "minecraft:adventure/adventuring_time": {
    "criteria": {
      "minecraft:dark_forest": "2024-05-12 00:12:29 +0000"
    },
    "done": false
  },
  "DataVersion": 3120
}